observation_id,status
1641,CLOSED
1889,CLOSED
2025,CLOSED
3339,CLOSED
3750,CLOSED
4324,CLOSED
4744,CLOSED
5240,CLOSED
5524,CLOSED
1646,OPEN
1732,CLOSED
1734,OPEN
1805,OPEN
1875,CLOSED
2128,OPEN
2168,CLOSED
2348,CLOSED
2435,CLOSED
2513,CLOSED
2697,CLOSED
2822,CLOSED
2952,CLOSED
2987,OPEN
3041,CLOSED
3143,CLOSED
3696,CLOSED
3844,CLOSED
4188,CLOSED
4251,OPEN
4362,OPEN
4428,CLOSED
4532,OPEN
4534,CLOSED
4631,CLOSED
4652,CLOSED
4713,CLOSED
4928,CLOSED
5030,CLOSED
5249,OPEN
5547,CLOSED
5779,CLOSED
5794,OPEN
5815,OPEN
5860,CLOSED
5939,CLOSED
1663,CLOSED
1704,CLOSED
1815,CLOSED
1931,CLOSED
2049,CLOSED
2529,CLOSED
2857,CLOSED
3177,CLOSED
3278,CLOSED
3798,CLOSED
4076,CLOSED
4256,CLOSED
4278,CLOSED
4283,CLOSED
4485,CLOSED
4878,CLOSED
1664,CLOSED
1943,CLOSED
2059,CLOSED
2109,CLOSED
2145,CLOSED
2184,CLOSED
2211,CLOSED
2286,CLOSED
2668,CLOSED
2776,CLOSED
2931,CLOSED
3581,CLOSED
3732,CLOSED
3753,CLOSED
3908,OPEN
3930,OPEN
4314,OPEN
4375,OPEN
4454,OPEN
4469,OPEN
4979,OPEN
5069,OPEN
5251,OPEN
5425,OPEN
5462,OPEN
5464,OPEN
5475,OPEN
5517,OPEN
1689,CLOSED
1798,OPEN
1844,CLOSED
2023,CLOSED
2306,CLOSED
2341,CLOSED
2466,CLOSED
2833,CLOSED
3019,OPEN
3021,CLOSED
3802,CLOSED
3832,OPEN
3959,OPEN
3976,OPEN
3980,OPEN
4462,OPEN
4513,OPEN
5160,OPEN
5458,OPEN
5477,OPEN
5736,OPEN
1698,CLOSED
2468,CLOSED
3028,CLOSED
4011,CLOSED
4706,CLOSED
4735,CLOSED
1714,CLOSED
1945,OPEN
1959,CLOSED
2108,CLOSED
2315,CLOSED
2354,CLOSED
2789,CLOSED
3010,CLOSED
3118,OPEN
3664,CLOSED
3691,CLOSED
3940,OPEN
4166,OPEN
4174,OPEN
4511,OPEN
4955,OPEN
5138,OPEN
5318,OPEN
5480,OPEN
5657,OPEN
5668,OPEN
5767,OPEN
1741,CLOSED
1778,CLOSED
1909,OPEN
2051,CLOSED
2294,OPEN
2318,OPEN
2720,CLOSED
2806,CLOSED
3185,CLOSED
3351,CLOSED
4236,OPEN
4438,OPEN
4613,OPEN
4675,OPEN
4759,OPEN
5150,OPEN
5172,OPEN
5442,OPEN
5546,CLOSED
5566,CLOSED
5701,OPEN
1757,CLOSED
1790,CLOSED
2333,CLOSED
2338,CLOSED
3327,CLOSED
5260,CLOSED
5363,CLOSED
5583,CLOSED
5729,CLOSED
1784,CLOSED
2340,CLOSED
2448,CLOSED
3182,CLOSED
3586,CLOSED
3765,CLOSED
4128,CLOSED
4475,CLOSED
5127,CLOSED
5312,CLOSED
5738,CLOSED
5937,CLOSED
1785,CLOSED
1895,CLOSED
2565,CLOSED
4389,CLOSED
4421,CLOSED
5248,CLOSED
1807,OPEN
2463,OPEN
3244,OPEN
4589,OPEN
4617,OPEN
5311,OPEN
1823,CLOSED
2075,CLOSED
2087,CLOSED
2092,CLOSED
2230,CLOSED
2394,CLOSED
2544,CLOSED
2829,CLOSED
2839,CLOSED
2901,CLOSED
3136,CLOSED
3212,CLOSED
3639,CLOSED
3694,CLOSED
4007,OPEN
4056,OPEN
4108,OPEN
4257,OPEN
4326,OPEN
4453,OPEN
4762,OPEN
5007,OPEN
5079,OPEN
5573,OPEN
5685,OPEN
5699,OPEN
5717,OPEN
5905,OPEN
1830,CLOSED
2219,CLOSED
3197,OPEN
3355,CLOSED
3437,CLOSED
4927,CLOSED
5086,CLOSED
5733,CLOSED
5879,CLOSED
1839,CLOSED
2115,OPEN
2201,CLOSED
2334,CLOSED
2450,CLOSED
2547,OPEN
2642,CLOSED
2705,CLOSED
2813,CLOSED
2875,CLOSED
3344,CLOSED
3346,CLOSED
3398,CLOSED
3496,CLOSED
3841,OPEN
3869,CLOSED
4103,OPEN
4194,OPEN
4209,OPEN
4327,OPEN
4444,OPEN
4539,OPEN
4560,OPEN
4582,OPEN
4773,CLOSED
5038,OPEN
5292,OPEN
5787,OPEN
1845,CLOSED
2180,CLOSED
2521,CLOSED
2615,CLOSED
2678,CLOSED
3470,CLOSED
3953,CLOSED
4093,CLOSED
4201,CLOSED
4808,CLOSED
4929,CLOSED
1846,OPEN
1957,OPEN
3031,OPEN
3069,OPEN
4748,CLOSED
4967,CLOSED
5090,CLOSED
5396,OPEN
5742,CLOSED
1851,OPEN
2072,CLOSED
3660,OPEN
4742,CLOSED
5660,OPEN
1864,OPEN
2033,CLOSED
2782,CLOSED
2940,CLOSED
3661,CLOSED
4160,OPEN
4215,OPEN
4262,OPEN
4915,OPEN
1874,CLOSED
2439,OPEN
2601,OPEN
3249,CLOSED
3568,CLOSED
4043,OPEN
4463,OPEN
4618,OPEN
5043,OPEN
5217,OPEN
5512,OPEN
1876,OPEN
2914,OPEN
3982,OPEN
4909,OPEN
1885,OPEN
1886,OPEN
2433,CLOSED
2490,CLOSED
3467,CLOSED
3551,CLOSED
4238,OPEN
4660,OPEN
4676,OPEN
5097,OPEN
5348,OPEN
1893,CLOSED
2846,CLOSED
3347,CLOSED
5286,CLOSED
5371,CLOSED
5498,CLOSED
1896,CLOSED
2146,OPEN
2165,OPEN
2411,CLOSED
2430,CLOSED
2479,CLOSED
2579,CLOSED
2990,CLOSED
3127,OPEN
3205,OPEN
3356,OPEN
3357,CLOSED
3431,OPEN
4253,OPEN
4351,OPEN
4366,OPEN
4494,OPEN
4799,OPEN
5063,OPEN
5081,OPEN
5135,OPEN
5357,OPEN
1961,CLOSED
2808,CLOSED
3740,CLOSED
3840,CLOSED
3969,CLOSED
4197,CLOSED
1975,CLOSED
2364,CLOSED
2594,CLOSED
2609,CLOSED
2618,CLOSED
2826,CLOSED
3716,CLOSED
3977,CLOSED
4063,CLOSED
4312,CLOSED
4466,CLOSED
5817,CLOSED
5858,CLOSED
1989,OPEN
2070,OPEN
2300,OPEN
2400,OPEN
2669,OPEN
2729,OPEN
2884,OPEN
3174,OPEN
3822,OPEN
3963,OPEN
4151,OPEN
4264,OPEN
4708,OPEN
1992,CLOSED
2228,CLOSED
2328,CLOSED
2337,CLOSED
2689,CLOSED
4414,CLOSED
4547,CLOSED
4716,CLOSED
4877,CLOSED
1993,OPEN
2268,OPEN
2398,OPEN
2873,OPEN
2903,OPEN
3382,OPEN
3887,CLOSED
4177,CLOSED
4601,OPEN
4903,CLOSED
5099,OPEN
5664,OPEN
5954,OPEN
2004,CLOSED
2446,CLOSED
3805,CLOSED
4204,CLOSED
4456,CLOSED
5263,CLOSED
2015,CLOSED
2454,OPEN
2589,CLOSED
3089,CLOSED
3752,CLOSED
4350,OPEN
5116,OPEN
5279,OPEN
5365,OPEN
5567,OPEN
5816,OPEN
2020,CLOSED
2498,CLOSED
2614,CLOSED
2684,CLOSED
3269,CLOSED
3349,CLOSED
3681,CLOSED
3878,CLOSED
4753,CLOSED
5199,CLOSED
5329,CLOSED
5334,CLOSED
2062,CLOSED
2121,CLOSED
2695,CLOSED
4270,CLOSED
4271,CLOSED
4273,CLOSED
2069,OPEN
2208,OPEN
4175,CLOSED
4178,OPEN
5141,OPEN
5750,OPEN
2093,CLOSED
2385,CLOSED
2864,CLOSED
4664,CLOSED
5646,CLOSED
2111,OPEN
2724,OPEN
4797,OPEN
5799,OPEN
2130,CLOSED
2445,CLOSED
2798,CLOSED
3830,CLOSED
5630,CLOSED
5790,CLOSED
2182,OPEN
2804,OPEN
2858,OPEN
3235,OPEN
3414,OPEN
3565,OPEN
3944,OPEN
3971,OPEN
4698,OPEN
5501,OPEN
5770,OPEN
2205,CLOSED
2643,CLOSED
2885,CLOSED
4464,CLOSED
4609,CLOSED
5945,CLOSED
2244,CLOSED
3540,CLOSED
3744,CLOSED
4319,CLOSED
5171,CLOSED
5331,CLOSED
2408,CLOSED
2935,CLOSED
2996,CLOSED
3251,CLOSED
3592,CLOSED
3624,CLOSED
3870,CLOSED
4904,CLOSED
5064,CLOSED
5149,CLOSED
5796,CLOSED
5964,CLOSED
2413,CLOSED
3199,CLOSED
3218,CLOSED
3340,CLOSED
3361,CLOSED
3381,CLOSED
4668,CLOSED
4710,CLOSED
4750,CLOSED
4829,CLOSED
5543,CLOSED
2442,CLOSED
2514,CLOSED
2955,CLOSED
4169,CLOSED
4218,CLOSED
4493,CLOSED
2464,CLOSED
2608,CLOSED
2947,CLOSED
2962,CLOSED
3704,CLOSED
3865,CLOSED
4105,CLOSED
4579,CLOSED
5726,CLOSED
5912,CLOSED
2470,CLOSED
2616,CLOSED
3570,CLOSED
4092,CLOSED
4487,CLOSED
5005,CLOSED
2726,CLOSED
2773,OPEN
3770,OPEN
3907,CLOSED
4269,OPEN
2747,CLOSED
2756,OPEN
3367,OPEN
3803,CLOSED
4153,OPEN
5078,OPEN
5242,OPEN
5448,OPEN
2792,CLOSED
2850,CLOSED
3396,CLOSED
3892,CLOSED
4793,CLOSED
5377,CLOSED
2844,CLOSED
3360,CLOSED
3397,CLOSED
4078,CLOSED
5196,CLOSED
3837,OPEN
5397,OPEN
5975,OPEN
6231,CLOSED
6232,CLOSED
6241,OPEN
6281,CLOSED
6285,CLOSED
6286,CLOSED
6298,CLOSED
6316,CLOSED
6323,CLOSED
6324,CLOSED
6326,CLOSED
6359,OPEN
6376,OPEN
6392,OPEN
6393,OPEN
6396,OPEN
6403,OPEN
6407,OPEN
6418,OPEN
6422,OPEN
6423,OPEN
6438,OPEN
8942,OPEN
8948,CLOSED
8963,OPEN
8970,CLOSED
8973,CLOSED
8976,CLOSED
8991,OPEN
8995,CLOSED
9038,CLOSED
9040,CLOSED
9091,CLOSED
9120,CLOSED
9121,CLOSED
9156,CLOSED
9196,CLOSED
9200,CLOSED
9238,CLOSED
9334,CLOSED
9343,CLOSED
9347,CLOSED
9362,CLOSED
9371,CLOSED
9380,CLOSED
9405,CLOSED
9411,CLOSED
9447,CLOSED
9510,CLOSED
9524,CLOSED
9697,CLOSED
9800,CLOSED
9803,CLOSED
9805,OPEN
9873,CLOSED
9904,CLOSED
10062,CLOSED
10112,CLOSED
10131,OPEN
10163,CLOSED
10263,CLOSED
10316,OPEN
10317,OPEN
10361,OPEN
10364,OPEN
10366,CLOSED
10394,OPEN
10411,CLOSED
10417,OPEN
10428,OPEN
10438,OPEN
10454,OPEN
10473,OPEN
10476,OPEN
10486,OPEN
10534,CLOSED
10542,OPEN
10558,OPEN
10604,OPEN
10607,OPEN
10644,OPEN
10650,OPEN
10692,OPEN
10743,OPEN
10748,OPEN
10764,OPEN
10770,OPEN
10785,OPEN
10788,OPEN
10797,OPEN
10918,OPEN
11272,OPEN
12140,CLOSED
12150,CLOSED
12155,CLOSED
12174,CLOSED
12176,CLOSED
12184,CLOSED
12187,CLOSED
12192,OPEN
12212,CLOSED
12221,OPEN
12234,CLOSED
12249,CLOSED
12280,CLOSED
12311,CLOSED
12315,CLOSED
12338,OPEN
12340,CLOSED
12343,CLOSED
12348,CLOSED
12352,OPEN
12358,CLOSED
12360,OPEN
12364,CLOSED
12366,CLOSED
12371,CLOSED
12376,CLOSED
12381,CLOSED
12389,CLOSED
12393,OPEN
12394,OPEN
12407,CLOSED
12418,CLOSED
12423,CLOSED
12428,OPEN
13359,CLOSED
13367,CLOSED
13393,CLOSED
13396,CLOSED
13397,CLOSED
13402,CLOSED
13408,CLOSED
13436,CLOSED
13440,CLOSED
13454,CLOSED
13468,CLOSED
13510,OPEN
13523,CLOSED
13530,CLOSED
13563,CLOSED
13572,CLOSED
13596,CLOSED
13631,CLOSED
13633,CLOSED
13640,CLOSED
13641,CLOSED
13644,CLOSED
13659,CLOSED
13692,CLOSED
13695,CLOSED
13711,CLOSED
13748,CLOSED
13749,CLOSED
13757,CLOSED
13758,CLOSED
13762,OPEN
13776,CLOSED
13823,CLOSED
13845,CLOSED
13860,OPEN
13869,OPEN
13905,OPEN
13933,OPEN
13939,OPEN
13947,OPEN
13951,OPEN
13970,OPEN
13980,OPEN
13998,OPEN
14040,OPEN
14057,OPEN
14069,OPEN
14104,OPEN
14160,OPEN
14567,CLOSED
14571,CLOSED
14574,CLOSED
14594,CLOSED
14616,CLOSED
14618,CLOSED
14619,CLOSED
14633,CLOSED
14642,CLOSED
14656,OPEN
14658,CLOSED
14684,OPEN
14696,OPEN
14721,OPEN
14724,OPEN
14742,OPEN
14746,OPEN
14754,OPEN
14780,OPEN
14783,OPEN
14785,OPEN
14800,OPEN
15291,CLOSED
15298,CLOSED
15299,CLOSED
15310,CLOSED
15311,OPEN
15315,CLOSED
15332,CLOSED
15335,CLOSED
15346,OPEN
15359,CLOSED
15409,CLOSED
15450,CLOSED
15464,CLOSED
15484,OPEN
15517,OPEN
15554,OPEN
15572,OPEN
15590,OPEN
15600,CLOSED
15631,CLOSED
15653,CLOSED
15668,OPEN
15676,OPEN
15677,CLOSED
15680,OPEN
15682,OPEN
15705,OPEN
15717,OPEN
15718,OPEN
15721,OPEN
15730,CLOSED
15937,CLOSED
15946,CLOSED
15947,CLOSED
15957,CLOSED
15958,OPEN
15977,OPEN
15982,OPEN
15983,CLOSED
15989,OPEN
15993,CLOSED
16010,CLOSED
16011,CLOSED
16015,CLOSED
16021,OPEN
16025,CLOSED
16027,CLOSED
16030,OPEN
16036,CLOSED
16037,CLOSED
16038,CLOSED
16050,CLOSED
16053,CLOSED
16055,CLOSED
16056,CLOSED
16061,CLOSED
16069,OPEN
16070,OPEN
16089,OPEN
16094,OPEN
16103,CLOSED
16104,OPEN
16115,CLOSED
16118,CLOSED
16121,CLOSED
16127,CLOSED
16131,CLOSED
16339,CLOSED
16349,OPEN
16357,OPEN
16366,CLOSED
16371,CLOSED
16374,OPEN
16376,CLOSED
16380,OPEN
16389,OPEN
16391,CLOSED
16400,CLOSED
16401,OPEN
16405,OPEN
16409,OPEN
16410,OPEN
16415,OPEN
16421,OPEN
16426,CLOSED
16428,OPEN
16435,CLOSED
16436,OPEN
16442,CLOSED
16445,OPEN
16447,CLOSED
16451,CLOSED
16457,OPEN
16460,CLOSED
16462,OPEN
16467,OPEN
16468,OPEN
16473,CLOSED
16482,CLOSED
16483,CLOSED
16488,OPEN
16498,CLOSED
16512,CLOSED
16721,OPEN
16723,CLOSED
16728,OPEN
16730,OPEN
16740,OPEN
16744,CLOSED
16745,CLOSED
16746,OPEN
16751,OPEN
16753,OPEN
16760,OPEN
16761,OPEN
16766,CLOSED
16769,CLOSED
16776,OPEN
16790,CLOSED
16807,OPEN
16815,OPEN
16820,CLOSED
16821,CLOSED
16825,CLOSED
16827,CLOSED
16828,CLOSED
16832,OPEN
16835,CLOSED
16840,CLOSED
16848,OPEN
16851,CLOSED
16855,CLOSED
16863,OPEN
16864,OPEN
16873,OPEN
16890,CLOSED
16894,OPEN
16899,CLOSED
16909,OPEN
17107,CLOSED
17125,OPEN
17126,CLOSED
17127,OPEN
17131,CLOSED
17139,OPEN
17141,CLOSED
17145,OPEN
17148,OPEN
17168,OPEN
17171,OPEN
17173,OPEN
17181,OPEN
17189,CLOSED
17193,OPEN
17196,CLOSED
17200,OPEN
17204,OPEN
17217,CLOSED
17225,CLOSED
17226,CLOSED
17227,OPEN
17229,CLOSED
17234,OPEN
17240,OPEN
17254,OPEN
17256,CLOSED
17258,CLOSED
17259,OPEN
17268,CLOSED
17269,OPEN
17272,CLOSED
17273,OPEN
17280,CLOSED
17285,CLOSED
17290,CLOSED
19138,CLOSED
19141,CLOSED
19145,CLOSED
19146,OPEN
19148,CLOSED
19151,CLOSED
19156,CLOSED
19193,CLOSED
19196,CLOSED
19215,CLOSED
19222,CLOSED
19231,CLOSED
19232,CLOSED
19237,CLOSED
19264,CLOSED
19271,CLOSED
19286,CLOSED
19323,CLOSED
19338,CLOSED
19343,CLOSED
19368,CLOSED
19371,CLOSED
19381,CLOSED
19390,CLOSED
19400,CLOSED
19417,CLOSED
19433,CLOSED
19439,CLOSED
19442,OPEN
19451,CLOSED
19463,CLOSED
19473,CLOSED
19501,CLOSED
19537,OPEN
19544,CLOSED
19559,CLOSED
19581,CLOSED
19599,CLOSED
19628,OPEN
19674,CLOSED
19708,CLOSED
19710,CLOSED
19726,CLOSED
19792,CLOSED
19798,CLOSED
19827,CLOSED
19942,CLOSED
19984,CLOSED
20026,CLOSED
20035,CLOSED
20077,CLOSED
20080,OPEN
20112,OPEN
20132,OPEN
20162,OPEN
20163,OPEN
20168,OPEN
20175,OPEN
20228,OPEN
20300,OPEN
20307,OPEN
20311,OPEN
20325,OPEN
20334,OPEN
20424,OPEN
20436,OPEN
20489,OPEN
20603,OPEN
20648,OPEN
20661,OPEN
20840,OPEN
21261,OPEN
21265,OPEN
21266,CLOSED
21282,CLOSED
21294,CLOSED
21297,CLOSED
21300,CLOSED
21312,CLOSED
21314,OPEN
21317,OPEN
21331,OPEN
21332,OPEN
21335,CLOSED
21336,CLOSED
21345,CLOSED
21354,CLOSED
21360,CLOSED
21366,OPEN
21369,CLOSED
21383,OPEN
21386,OPEN
21388,CLOSED
21389,OPEN
21392,CLOSED
21398,OPEN
21399,CLOSED
21412,CLOSED
21418,OPEN
21421,OPEN
21430,CLOSED
21436,OPEN
21440,OPEN
21442,CLOSED
21444,CLOSED
21448,CLOSED
21926,CLOSED
21931,CLOSED
21940,CLOSED
21951,OPEN
21966,CLOSED
21982,CLOSED
21984,CLOSED
21987,CLOSED
22000,CLOSED
22010,CLOSED
22017,CLOSED
22023,CLOSED
22031,CLOSED
22035,CLOSED
22047,CLOSED
22050,CLOSED
22051,CLOSED
22052,CLOSED
22072,CLOSED
22078,CLOSED
22079,OPEN
22083,OPEN
22085,CLOSED
22095,CLOSED
22105,CLOSED
22111,CLOSED
22114,CLOSED
22117,CLOSED
22119,CLOSED
22127,CLOSED
22134,OPEN
22137,CLOSED
22143,OPEN
22144,OPEN
22162,OPEN
22173,OPEN
22190,OPEN
22194,OPEN
22197,OPEN
22209,CLOSED
22214,OPEN
22218,OPEN
22221,OPEN
22234,OPEN
22239,OPEN
22269,OPEN
22271,CLOSED
22273,CLOSED
22274,OPEN
22282,OPEN
22283,OPEN
22285,OPEN
22290,CLOSED
22293,OPEN
22305,OPEN
22309,OPEN
22313,OPEN
22323,OPEN
22326,CLOSED
22336,OPEN
22338,CLOSED
22342,CLOSED
22821,CLOSED
22826,OPEN
22838,CLOSED
22845,OPEN
22847,OPEN
22860,CLOSED
22861,OPEN
22865,CLOSED
22866,CLOSED
22871,CLOSED
22875,CLOSED
22876,OPEN
22878,CLOSED
22891,CLOSED
22895,CLOSED
22898,CLOSED
22911,CLOSED
22914,OPEN
22922,CLOSED
22929,CLOSED
22940,CLOSED
22948,CLOSED
22949,CLOSED
22953,CLOSED
22957,OPEN
22964,OPEN
22966,OPEN
22969,CLOSED
23000,CLOSED
23007,CLOSED
23018,CLOSED
23022,CLOSED
23034,CLOSED
23039,OPEN
23043,OPEN
23045,OPEN
23047,OPEN
23048,OPEN
23060,OPEN
23061,OPEN
23070,OPEN
23077,OPEN
23080,OPEN
23081,OPEN
23091,OPEN
23099,OPEN
23109,OPEN
23116,OPEN
23119,CLOSED
23122,OPEN
23124,OPEN
23126,OPEN
23129,OPEN
23167,OPEN
23182,CLOSED
23196,OPEN
23201,OPEN
23202,OPEN
23217,OPEN
23218,OPEN
23222,OPEN
23223,OPEN
23607,CLOSED
23613,CLOSED
23614,CLOSED
23626,CLOSED
23628,CLOSED
23636,CLOSED
23639,CLOSED
23644,CLOSED
23646,CLOSED
23658,CLOSED
23664,CLOSED
23670,CLOSED
23684,CLOSED
23689,CLOSED
23752,OPEN
23759,OPEN
23767,OPEN
23771,OPEN
23784,OPEN
23789,OPEN
23790,OPEN
23800,OPEN
23806,OPEN
23811,OPEN
23820,OPEN
23845,OPEN
23856,OPEN
23866,OPEN
25782,CLOSED
25795,CLOSED
25806,OPEN
25807,CLOSED
25808,OPEN
25817,CLOSED
25818,CLOSED
25824,CLOSED
25859,CLOSED
25896,CLOSED
25900,CLOSED
25904,OPEN
25905,CLOSED
25914,CLOSED
25942,CLOSED
25946,CLOSED
25952,CLOSED
25953,CLOSED
25958,CLOSED
25970,OPEN
25978,CLOSED
25985,OPEN
25987,CLOSED
25991,CLOSED
26004,CLOSED
26040,CLOSED
26048,CLOSED
26055,CLOSED
26060,CLOSED
26079,OPEN
26087,OPEN
26091,CLOSED
26092,CLOSED
26106,CLOSED
26114,CLOSED
26123,CLOSED
26133,OPEN
26135,OPEN
26138,CLOSED
26139,OPEN
26140,CLOSED
26161,OPEN
26165,OPEN
26170,OPEN
26174,CLOSED
26182,CLOSED
26184,CLOSED
26189,CLOSED
26195,OPEN
26197,CLOSED
26199,CLOSED
26202,CLOSED
26213,CLOSED
26221,OPEN
26226,CLOSED
26228,CLOSED
26269,CLOSED
26275,CLOSED
26279,CLOSED
26280,CLOSED
26283,CLOSED
26286,CLOSED
26294,OPEN
26300,CLOSED
26305,CLOSED
26333,CLOSED
26334,CLOSED
26335,CLOSED
26337,CLOSED
26342,OPEN
26362,CLOSED
26363,CLOSED
26375,OPEN
26408,OPEN
26411,OPEN
26433,CLOSED
26442,OPEN
26455,OPEN
26456,CLOSED
26458,CLOSED
26462,CLOSED
26469,CLOSED
26479,CLOSED
26491,CLOSED
26502,OPEN
26503,CLOSED
26504,CLOSED
26506,OPEN
26512,CLOSED
26525,OPEN
26545,CLOSED
26555,CLOSED
26556,CLOSED
26579,CLOSED
26580,CLOSED
26614,CLOSED
26619,OPEN
26637,OPEN
26649,OPEN
26662,OPEN
26667,OPEN
26705,OPEN
26707,OPEN
26708,OPEN
26721,OPEN
26722,OPEN
26724,OPEN
26728,OPEN
26729,OPEN
26730,OPEN
26738,OPEN
26745,OPEN
26759,CLOSED
26761,CLOSED
26781,OPEN
26787,CLOSED
26790,CLOSED
26808,OPEN
26814,OPEN
26815,OPEN
26817,OPEN
26824,OPEN
26826,OPEN
26829,OPEN
26834,OPEN
26838,OPEN
26857,OPEN
26861,OPEN
26868,OPEN
26877,OPEN
26890,OPEN
26899,OPEN
26900,OPEN
26906,OPEN
26921,OPEN
26923,OPEN
26925,OPEN
26928,OPEN
26934,OPEN
26938,OPEN
26943,OPEN
26952,OPEN
26953,OPEN
26956,OPEN
26961,OPEN
26966,OPEN
26967,OPEN
26976,OPEN
26979,OPEN
26997,OPEN
27017,OPEN
27022,OPEN
27026,OPEN
27034,OPEN
27063,OPEN
27069,OPEN
27073,OPEN
27074,OPEN
27079,OPEN
27093,OPEN
27104,CLOSED
27134,OPEN
27147,OPEN
27163,OPEN
27172,OPEN
27173,OPEN
27176,OPEN
27178,OPEN
27181,CLOSED
27182,OPEN
27214,OPEN
27217,OPEN
27221,OPEN
27250,OPEN
27253,OPEN
27275,OPEN
27287,OPEN
27290,CLOSED
27295,OPEN
27296,OPEN
27322,OPEN
27330,OPEN
27337,OPEN
27340,OPEN
27348,CLOSED
27351,OPEN
27353,OPEN
27373,OPEN
27379,OPEN
27407,OPEN
27414,OPEN
27445,OPEN
27661,OPEN
27665,OPEN
27697,OPEN
27708,OPEN
27729,OPEN
27736,OPEN
27741,OPEN
27750,OPEN
27790,OPEN
27803,OPEN
27808,OPEN
27829,OPEN
27878,OPEN
27910,OPEN
27939,OPEN
27950,OPEN
27986,OPEN
28000,OPEN
28001,OPEN
28007,CLOSED
28008,CLOSED
28009,CLOSED
28013,OPEN
28015,OPEN
28018,OPEN
28020,CLOSED
28024,CLOSED
28031,CLOSED
28034,CLOSED
28035,OPEN
28037,OPEN
28039,CLOSED
28040,CLOSED
28049,OPEN
28053,OPEN
28054,CLOSED
28059,CLOSED
28067,CLOSED
28069,CLOSED
28070,CLOSED
28074,CLOSED
28082,CLOSED
28093,CLOSED
28098,CLOSED
28108,CLOSED
28109,OPEN
28115,CLOSED
28132,CLOSED
28133,CLOSED
28135,CLOSED
28144,CLOSED
28147,CLOSED
28151,CLOSED
28152,CLOSED
28156,CLOSED
28167,CLOSED
28189,CLOSED
28205,CLOSED
28217,OPEN
28218,OPEN
28221,CLOSED
28229,CLOSED
28231,CLOSED
28240,CLOSED
28243,CLOSED
28244,CLOSED
28247,CLOSED
28249,CLOSED
28255,CLOSED
28279,CLOSED
28280,CLOSED
28284,CLOSED
28285,CLOSED
28321,CLOSED
28340,CLOSED
28345,OPEN
28350,OPEN
28354,OPEN
28357,CLOSED
28358,OPEN
28360,OPEN
28361,OPEN
28362,OPEN
28363,OPEN
28364,OPEN
28365,OPEN
28368,OPEN
28370,OPEN
28379,CLOSED
28386,OPEN
28387,OPEN
28402,OPEN
28403,OPEN
28406,OPEN
28449,CLOSED
28460,OPEN
28475,CLOSED
28476,OPEN
28521,OPEN
28542,OPEN
28557,OPEN
28572,OPEN
28593,OPEN
28660,OPEN
29164,CLOSED
29172,CLOSED
29182,CLOSED
29191,CLOSED
29196,CLOSED
29204,CLOSED
29212,OPEN
29218,CLOSED
29223,OPEN
29225,CLOSED
29233,CLOSED
29234,CLOSED
29235,CLOSED
29250,CLOSED
29261,CLOSED
29265,CLOSED
29267,CLOSED
29269,OPEN
29276,CLOSED
29288,CLOSED
29296,OPEN
29312,CLOSED
29314,CLOSED
29324,CLOSED
29333,CLOSED
29336,CLOSED
29349,CLOSED
29354,CLOSED
29356,CLOSED
29367,CLOSED
29369,CLOSED
29380,OPEN
29387,OPEN
29393,OPEN
29400,OPEN
29418,OPEN
29420,OPEN
29428,OPEN
29446,CLOSED
29448,CLOSED
29450,OPEN
29453,CLOSED
29455,OPEN
29459,OPEN
29475,OPEN
29476,OPEN
29479,OPEN
29484,CLOSED
29485,OPEN
29488,CLOSED
29489,CLOSED
29498,OPEN
29502,CLOSED
29507,OPEN
29532,OPEN
29545,CLOSED
29548,OPEN
29550,OPEN
29562,OPEN
29563,OPEN
29573,OPEN
29579,OPEN
30050,OPEN
30070,OPEN
30074,CLOSED
30075,CLOSED
30085,OPEN
30089,CLOSED
30090,CLOSED
30094,CLOSED
30095,CLOSED
30104,OPEN
30109,CLOSED
30114,CLOSED
30116,CLOSED
30126,CLOSED
30153,CLOSED
30164,CLOSED
30166,CLOSED
30172,CLOSED
30173,CLOSED
30175,OPEN
30176,CLOSED
30190,OPEN
30192,CLOSED
30200,CLOSED
30201,OPEN
30203,OPEN
30209,CLOSED
30210,CLOSED
30213,CLOSED
30215,OPEN
30223,CLOSED
30257,CLOSED
30259,OPEN
30263,OPEN
30268,OPEN
30296,OPEN
30310,OPEN
30317,OPEN
30327,OPEN
30328,OPEN
30330,CLOSED
30333,OPEN
30342,OPEN
30345,OPEN
30354,OPEN
30365,OPEN
30375,OPEN
30381,OPEN
30390,CLOSED
30393,OPEN
30401,OPEN
30402,OPEN
30403,OPEN
30414,OPEN
30416,OPEN
30429,OPEN
30430,CLOSED
30432,OPEN
30434,OPEN
30435,OPEN
30452,OPEN
30467,OPEN
30666,OPEN
30667,CLOSED
30675,CLOSED
30700,OPEN
30704,OPEN
30705,CLOSED
30714,OPEN
30719,OPEN
30723,CLOSED
30725,OPEN
30735,OPEN
30738,OPEN
30739,CLOSED
30741,CLOSED
30747,OPEN
30752,OPEN
30757,OPEN
30761,CLOSED
30762,OPEN
30768,CLOSED
30773,CLOSED
30781,OPEN
30782,OPEN
30783,OPEN
30789,CLOSED
30797,OPEN
30805,CLOSED
30808,CLOSED
30812,CLOSED
30816,CLOSED
30817,OPEN
30828,OPEN
30833,OPEN
30854,CLOSED
30856,CLOSED
30858,CLOSED
31812,CLOSED
31817,CLOSED
31823,OPEN
31838,CLOSED
31847,CLOSED
31848,CLOSED
31850,CLOSED
31855,CLOSED
31856,OPEN
31858,CLOSED
31859,CLOSED
31868,CLOSED
31869,OPEN
31889,CLOSED
31905,OPEN
31908,CLOSED
31911,OPEN
31912,CLOSED
31916,CLOSED
31927,CLOSED
31935,CLOSED
31941,CLOSED
31951,CLOSED
31965,OPEN
31969,CLOSED
31970,CLOSED
31978,CLOSED
31984,OPEN
31986,CLOSED
32010,CLOSED
32011,CLOSED
32015,CLOSED
32026,OPEN
32028,OPEN
32029,CLOSED
32034,CLOSED
32038,CLOSED
32044,CLOSED
32045,CLOSED
32048,CLOSED
32066,OPEN
32070,CLOSED
32077,CLOSED
32078,CLOSED
32084,CLOSED
32092,CLOSED
32097,CLOSED
32102,CLOSED
32104,OPEN
32134,CLOSED
32154,OPEN
32165,CLOSED
32166,CLOSED
32178,CLOSED
32187,CLOSED
32189,OPEN
32199,CLOSED
32201,CLOSED
32209,OPEN
32210,CLOSED
32215,CLOSED
32222,CLOSED
32224,CLOSED
32237,OPEN
32240,OPEN
32250,CLOSED
32258,OPEN
32266,OPEN
32275,OPEN
32289,OPEN
32309,OPEN
32319,OPEN
32321,OPEN
32333,OPEN
32342,CLOSED
32345,OPEN
32347,OPEN
32349,OPEN
32358,OPEN
32360,OPEN
32386,OPEN
32387,OPEN
32389,OPEN
32390,CLOSED
32399,OPEN
32405,OPEN
32413,OPEN
32417,OPEN
32421,OPEN
32427,OPEN
32434,OPEN
32441,OPEN
32450,OPEN
32454,OPEN
32458,OPEN
32461,OPEN
32472,OPEN
32475,CLOSED
32477,OPEN
32488,OPEN
32490,OPEN
32493,OPEN
32494,OPEN
32501,OPEN
32504,OPEN
32505,OPEN
32513,OPEN
32520,OPEN
32522,OPEN
32523,OPEN
32547,OPEN
32552,OPEN
32559,OPEN
32565,OPEN
32573,OPEN
32579,OPEN
32586,CLOSED
32592,OPEN
32593,OPEN
32601,OPEN
32627,OPEN
32653,OPEN
32889,CLOSED
32902,CLOSED
32909,CLOSED
32912,CLOSED
32914,CLOSED
32921,CLOSED
32930,CLOSED
32934,CLOSED
32946,CLOSED
32969,OPEN
32984,CLOSED
33008,OPEN
33012,OPEN
33015,OPEN
33022,OPEN
33030,OPEN
33055,OPEN
33056,OPEN
33067,OPEN
33069,OPEN
33084,OPEN
33117,OPEN
33320,OPEN
33333,CLOSED
33334,OPEN
33338,OPEN
33340,CLOSED
33344,CLOSED
33350,OPEN
33358,OPEN
33364,OPEN
33367,OPEN
33369,CLOSED
33378,OPEN
33381,CLOSED
33387,CLOSED
33391,OPEN
33402,CLOSED
33411,OPEN
33418,OPEN
33422,CLOSED
33428,CLOSED
33433,CLOSED
33439,CLOSED
33445,OPEN
33467,CLOSED
33468,CLOSED
33473,OPEN
33477,CLOSED
33485,CLOSED
33487,CLOSED
33493,OPEN
33495,OPEN
33501,CLOSED
33502,CLOSED
33510,OPEN
33512,CLOSED
33513,OPEN
33707,OPEN
33708,CLOSED
33709,OPEN
33710,OPEN
33712,OPEN
33715,CLOSED
33716,OPEN
33727,OPEN
33731,OPEN
33732,CLOSED
33741,OPEN
33756,CLOSED
33774,CLOSED
33776,CLOSED
33792,OPEN
33808,OPEN
33837,CLOSED
33841,OPEN
33842,CLOSED
33844,CLOSED
33845,OPEN
33846,OPEN
33856,OPEN
33858,CLOSED
33865,OPEN
33868,CLOSED
33869,OPEN
33874,OPEN
33876,CLOSED
33886,OPEN
33887,CLOSED
33909,CLOSED
33913,CLOSED
33940,OPEN
33942,OPEN
34162,CLOSED
34165,OPEN
34172,OPEN
34174,OPEN
34185,OPEN
34193,CLOSED
34205,CLOSED
34208,OPEN
34214,OPEN
34225,OPEN
34227,OPEN
34232,OPEN
34236,CLOSED
34238,OPEN
34240,CLOSED
34253,OPEN
34266,CLOSED
34267,CLOSED
34269,OPEN
34276,CLOSED
34282,CLOSED
34296,OPEN
34299,OPEN
34305,OPEN
34307,OPEN
34323,CLOSED
34329,OPEN
34331,CLOSED
34336,OPEN
34343,OPEN
34346,OPEN
34350,CLOSED
34351,CLOSED
34357,OPEN
34358,CLOSED
34555,CLOSED
34556,OPEN
34561,CLOSED
34567,OPEN
34574,OPEN
34575,OPEN
34593,OPEN
34594,CLOSED
34614,CLOSED
34616,CLOSED
34626,OPEN
34627,OPEN
34631,OPEN
34641,OPEN
34643,OPEN
34647,CLOSED
34649,OPEN
34657,CLOSED
34658,CLOSED
34669,CLOSED
34677,OPEN
34681,OPEN
34685,OPEN
34689,OPEN
34698,CLOSED
34700,OPEN
34703,OPEN
34706,CLOSED
34707,CLOSED
34717,CLOSED
34727,OPEN
34735,OPEN
34736,CLOSED
34740,OPEN
34747,CLOSED
34941,OPEN
34945,OPEN
34948,OPEN
34956,CLOSED
34962,OPEN
34969,CLOSED
34971,OPEN
34973,OPEN
34978,OPEN
34981,CLOSED
34985,OPEN
34992,CLOSED
34995,CLOSED
35003,CLOSED
35030,OPEN
35032,OPEN
35039,OPEN
35042,CLOSED
35044,CLOSED
35050,OPEN
35054,OPEN
35063,CLOSED
35065,CLOSED
35071,CLOSED
35080,OPEN
35085,CLOSED
35100,OPEN
35102,CLOSED
35103,OPEN
35106,OPEN
35115,OPEN
35116,OPEN
35120,CLOSED
35126,CLOSED
35127,OPEN
35345,CLOSED
35367,CLOSED
35380,OPEN
35382,OPEN
35387,CLOSED
35394,CLOSED
35408,CLOSED
35422,OPEN
35440,CLOSED
35447,CLOSED
35450,CLOSED
35456,CLOSED
35461,CLOSED
35464,CLOSED
35468,CLOSED
35469,CLOSED
35472,CLOSED
35478,CLOSED
35479,CLOSED
35483,OPEN
35491,CLOSED
35494,CLOSED
35499,CLOSED
35506,CLOSED
35512,CLOSED
35523,CLOSED
35527,CLOSED
35538,CLOSED
35541,CLOSED
35549,CLOSED
35550,CLOSED
35555,OPEN
35559,CLOSED
35571,CLOSED
35572,OPEN
35573,OPEN
35577,OPEN
35584,OPEN
35594,OPEN
35595,OPEN
35607,OPEN
35609,OPEN
35613,OPEN
35627,CLOSED
35642,OPEN
35671,OPEN
35673,OPEN
35682,CLOSED
35689,CLOSED
35694,OPEN
35697,OPEN
35704,OPEN
35715,CLOSED
35716,OPEN
35722,OPEN
35724,OPEN
35731,CLOSED
35733,OPEN
35738,OPEN
35739,OPEN
35754,CLOSED
35757,OPEN
35959,CLOSED
35963,CLOSED
35964,CLOSED
35965,OPEN
35968,CLOSED
35972,CLOSED
35978,OPEN
35980,CLOSED
35981,CLOSED
35984,CLOSED
35989,OPEN
36020,CLOSED
36024,CLOSED
36026,CLOSED
36029,OPEN
36044,OPEN
36050,OPEN
36058,OPEN
36063,CLOSED
36080,CLOSED
36084,CLOSED
36088,CLOSED
36090,OPEN
36096,CLOSED
36098,CLOSED
36099,CLOSED
36106,CLOSED
36117,OPEN
36118,CLOSED
36137,CLOSED
36141,CLOSED
36146,CLOSED
36169,OPEN
36184,CLOSED
36188,OPEN
36191,OPEN
36197,OPEN
36212,OPEN
36227,OPEN
36229,OPEN
36232,OPEN
36235,CLOSED
36246,OPEN
36249,OPEN
36251,OPEN
36252,OPEN
36253,OPEN
36258,OPEN
36273,OPEN
36299,OPEN
36301,OPEN
36307,OPEN
36315,OPEN
36335,OPEN
36343,OPEN
36345,OPEN
36347,OPEN
36349,OPEN
36351,OPEN
36365,OPEN
36367,OPEN
36373,CLOSED
36577,CLOSED
36581,CLOSED
36582,CLOSED
36586,CLOSED
36590,CLOSED
36597,CLOSED
36618,OPEN
36621,CLOSED
36628,CLOSED
36630,CLOSED
36635,OPEN
36638,OPEN
36643,CLOSED
36648,OPEN
36649,OPEN
36652,CLOSED
36664,CLOSED
36666,CLOSED
36667,CLOSED
36671,OPEN
36672,CLOSED
36681,CLOSED
36682,CLOSED
36685,OPEN
36686,OPEN
36718,CLOSED
36720,CLOSED
36724,CLOSED
36727,CLOSED
36745,OPEN
36749,OPEN
36750,CLOSED
36755,CLOSED
36758,CLOSED
36759,CLOSED
36761,OPEN
37046,OPEN
37051,CLOSED
37052,CLOSED
37054,CLOSED
37057,CLOSED
37063,CLOSED
37064,CLOSED
37076,OPEN
37077,CLOSED
37099,OPEN
37188,OPEN
37192,OPEN
37200,CLOSED
37218,OPEN
37227,CLOSED
37236,OPEN
37237,OPEN
37243,OPEN
37253,OPEN
37274,OPEN
37307,OPEN
37532,CLOSED
37535,OPEN
37540,OPEN
37548,OPEN
37549,CLOSED
37552,OPEN
37561,OPEN
37569,CLOSED
37591,CLOSED
37604,OPEN
37608,OPEN
37612,CLOSED
37614,CLOSED
37615,OPEN
37620,OPEN
37622,OPEN
37627,CLOSED
37629,OPEN
37630,CLOSED
37631,OPEN
37636,OPEN
37638,CLOSED
37654,CLOSED
37656,CLOSED
37664,CLOSED
37683,CLOSED
37685,CLOSED
37694,OPEN
37697,CLOSED
37698,CLOSED
37704,OPEN
37712,CLOSED
37717,CLOSED
37719,OPEN
37724,CLOSED
37725,OPEN
37920,CLOSED
37927,OPEN
37929,CLOSED
37947,CLOSED
37949,OPEN
37951,OPEN
37954,CLOSED
37955,OPEN
37963,OPEN
37971,OPEN
37975,OPEN
37982,OPEN
37994,CLOSED
38001,OPEN
38003,OPEN
38014,CLOSED
38031,CLOSED
38035,OPEN
38036,CLOSED
38037,OPEN
38043,CLOSED
38050,CLOSED
38055,CLOSED
38060,OPEN
38087,CLOSED
38093,OPEN
38094,CLOSED
38095,OPEN
38099,OPEN
38100,CLOSED
38103,OPEN
38110,OPEN
38112,OPEN
38114,CLOSED
38116,OPEN
38309,OPEN
38311,CLOSED
38322,CLOSED
38333,CLOSED
38339,CLOSED
38340,OPEN
38342,OPEN
38343,OPEN
38348,CLOSED
38366,CLOSED
38368,CLOSED
38370,OPEN
38372,OPEN
38378,OPEN
38391,OPEN
38400,OPEN
38402,OPEN
38406,CLOSED
38407,CLOSED
38411,CLOSED
38417,OPEN
38429,CLOSED
38434,CLOSED
38437,OPEN
38442,CLOSED
38454,CLOSED
38458,CLOSED
38461,CLOSED
38462,OPEN
38467,OPEN
38477,OPEN
38483,CLOSED
38486,CLOSED
38498,OPEN
38499,CLOSED
38504,OPEN
38698,OPEN
38701,CLOSED
38705,OPEN
38706,OPEN
38736,OPEN
38745,OPEN
38748,OPEN
38754,OPEN
38760,CLOSED
38761,OPEN
38776,CLOSED
38778,OPEN
38788,OPEN
38790,CLOSED
38792,CLOSED
38794,CLOSED
38803,CLOSED
38814,CLOSED
38815,OPEN
38817,OPEN
38820,OPEN
38822,OPEN
38825,OPEN
38832,OPEN
38833,OPEN
38834,OPEN
38835,CLOSED
38841,CLOSED
38861,CLOSED
38866,OPEN
38870,CLOSED
38874,OPEN
38875,CLOSED
38886,CLOSED
38887,CLOSED
39093,CLOSED
39103,OPEN
39105,OPEN
39106,CLOSED
39108,CLOSED
39110,OPEN
39122,OPEN
39127,OPEN
39135,CLOSED
39137,OPEN
39139,OPEN
39145,CLOSED
39149,CLOSED
39172,OPEN
39176,CLOSED
39180,OPEN
39182,OPEN
39198,CLOSED
39202,OPEN
39204,OPEN
39206,OPEN
39207,CLOSED
39208,OPEN
39225,CLOSED
39237,CLOSED
39238,OPEN
39240,CLOSED
39250,CLOSED
39251,CLOSED
39253,OPEN
39262,CLOSED
39263,CLOSED
39264,CLOSED
39268,CLOSED
39278,CLOSED
39281,OPEN
39478,OPEN
39479,OPEN
39488,CLOSED
39493,CLOSED
39494,CLOSED
39498,OPEN
39499,OPEN
39502,OPEN
39511,CLOSED
39521,CLOSED
39523,OPEN
39524,OPEN
39531,OPEN
39548,CLOSED
39552,CLOSED
39554,CLOSED
39565,CLOSED
39581,OPEN
39582,CLOSED
39584,OPEN
39592,OPEN
39594,CLOSED
39598,CLOSED
39602,OPEN
39607,OPEN
39609,OPEN
39611,CLOSED
39622,CLOSED
39623,CLOSED
39624,CLOSED
39626,OPEN
39632,OPEN
39633,CLOSED
39638,CLOSED
39642,OPEN
39644,CLOSED
39864,CLOSED
39868,OPEN
39876,OPEN
39882,CLOSED
39891,CLOSED
39896,OPEN
39902,OPEN
39903,OPEN
39904,OPEN
39910,OPEN
39918,OPEN
39930,OPEN
39932,CLOSED
39939,CLOSED
39943,OPEN
39960,OPEN
39982,OPEN
39989,CLOSED
39990,OPEN
39992,CLOSED
39993,OPEN
39998,OPEN
40002,CLOSED
40014,OPEN
40015,OPEN
40032,OPEN
40034,CLOSED
40035,OPEN
40039,OPEN
40046,CLOSED
40048,CLOSED
40049,OPEN
40054,CLOSED
40056,CLOSED
40059,OPEN
41002,CLOSED
41004,CLOSED
41018,OPEN
41019,CLOSED
41020,CLOSED
41025,CLOSED
41038,OPEN
41041,OPEN
41042,CLOSED
41056,CLOSED
41062,CLOSED
41063,OPEN
41079,CLOSED
41084,CLOSED
41092,CLOSED
41098,OPEN
41107,CLOSED
41112,CLOSED
41120,OPEN
41145,CLOSED
41147,CLOSED
41156,CLOSED
41165,CLOSED
41167,CLOSED
41176,CLOSED
41193,CLOSED
41194,CLOSED
41201,CLOSED
41207,CLOSED
41210,CLOSED
41215,OPEN
41218,CLOSED
41228,CLOSED
41250,OPEN
41256,CLOSED
41276,CLOSED
41277,CLOSED
41283,CLOSED
41298,CLOSED
41309,CLOSED
41311,CLOSED
41312,OPEN
41315,OPEN
41318,OPEN
41320,CLOSED
41329,CLOSED
41345,CLOSED
41346,CLOSED
41354,CLOSED
41361,CLOSED
41381,CLOSED
41384,CLOSED
41408,CLOSED
41411,OPEN
41417,OPEN
41419,CLOSED
41420,OPEN
41430,OPEN
41438,OPEN
41440,OPEN
41457,OPEN
41460,OPEN
41461,OPEN
41475,OPEN
41480,OPEN
41487,OPEN
41489,OPEN
41495,OPEN
41500,OPEN
41503,CLOSED
41506,OPEN
41507,OPEN
41508,OPEN
41514,OPEN
41517,CLOSED
41529,OPEN
41553,OPEN
41559,OPEN
41561,OPEN
41563,OPEN
41564,OPEN
41565,CLOSED
41577,OPEN
41584,OPEN
41594,OPEN
41599,OPEN
41613,OPEN
41619,OPEN
41642,OPEN
41657,OPEN
41660,OPEN
41670,OPEN
41694,OPEN
41701,OPEN
41705,OPEN
41708,OPEN
41728,OPEN
41729,OPEN
41731,OPEN
41738,CLOSED
41739,OPEN
41756,OPEN
41760,OPEN
41776,OPEN
41779,OPEN
41784,OPEN
41790,CLOSED
41808,OPEN
41810,OPEN
41815,OPEN
41820,OPEN
42033,CLOSED
42045,OPEN
42056,CLOSED
42058,OPEN
42060,CLOSED
42062,OPEN
42064,CLOSED
42078,OPEN
42080,OPEN
42086,OPEN
42097,CLOSED
42100,OPEN
42102,OPEN
42116,OPEN
42117,CLOSED
42121,OPEN
42130,OPEN
42142,CLOSED
42145,CLOSED
42151,OPEN
42152,OPEN
42154,OPEN
42156,OPEN
42157,CLOSED
42164,CLOSED
42170,OPEN
42175,OPEN
42189,OPEN
42197,CLOSED
42201,CLOSED
42204,OPEN
42205,OPEN
42209,CLOSED
42210,CLOSED
42211,CLOSED
42424,CLOSED
42429,OPEN
42448,OPEN
42454,CLOSED
42460,OPEN
42472,CLOSED
42473,OPEN
42480,OPEN
42481,CLOSED
42494,OPEN
42500,OPEN
42502,OPEN
42504,OPEN
42507,CLOSED
42508,CLOSED
42510,CLOSED
42514,OPEN
42526,CLOSED
42528,OPEN
42531,CLOSED
42533,OPEN
42536,OPEN
42543,CLOSED
42545,OPEN
42549,CLOSED
42552,CLOSED
42560,OPEN
42575,CLOSED
42577,OPEN
42582,CLOSED
42589,CLOSED
42592,CLOSED
42595,CLOSED
42608,OPEN
42613,CLOSED
42614,CLOSED
42808,CLOSED
42809,CLOSED
42827,OPEN
42830,OPEN
42837,OPEN
42840,OPEN
42859,CLOSED
42865,OPEN
42872,OPEN
42881,OPEN
42885,OPEN
42889,CLOSED
42890,CLOSED
42891,CLOSED
42901,OPEN
42904,CLOSED
42906,OPEN
42909,OPEN
42912,CLOSED
42918,OPEN
42921,OPEN
42926,CLOSED
42936,OPEN
42948,CLOSED
42953,OPEN
42964,CLOSED
42968,CLOSED
42981,OPEN
42983,CLOSED
42984,CLOSED
42985,CLOSED
42989,OPEN
42990,OPEN
42991,CLOSED
43000,CLOSED
43005,CLOSED
43227,OPEN
43238,OPEN
43240,OPEN
43241,CLOSED
43242,OPEN
43243,OPEN
43251,CLOSED
43253,CLOSED
43254,OPEN
43257,CLOSED
43265,OPEN
43277,OPEN
43278,OPEN
43279,CLOSED
43284,OPEN
43287,CLOSED
43309,OPEN
43310,OPEN
43314,OPEN
43315,CLOSED
43316,OPEN
43317,CLOSED
43331,OPEN
43342,CLOSED
43344,OPEN
43347,OPEN
43348,CLOSED
43358,CLOSED
43360,OPEN
43378,CLOSED
43381,CLOSED
43382,CLOSED
43385,CLOSED
43388,OPEN
43392,OPEN
46169,CLOSED
46176,CLOSED
46178,CLOSED
46187,CLOSED
46188,CLOSED
46189,CLOSED
46191,CLOSED
46194,CLOSED
46199,CLOSED
46200,CLOSED
46213,CLOSED
47598,OPEN
47605,OPEN
47609,OPEN
47614,OPEN
47627,CLOSED
47640,OPEN
47648,OPEN
47673,OPEN
47689,OPEN
47699,OPEN
47778,OPEN
49261,CLOSED
49263,OPEN
49270,OPEN
49280,OPEN
49287,CLOSED
49295,CLOSED
49299,OPEN
49302,CLOSED
49303,CLOSED
49305,OPEN
49310,CLOSED
49314,CLOSED
49320,CLOSED
49327,CLOSED
49343,CLOSED
49344,CLOSED
49347,CLOSED
49351,OPEN
49354,CLOSED
49356,OPEN
49363,CLOSED
49366,CLOSED
49367,OPEN
49376,OPEN
49377,CLOSED
49381,OPEN
49405,CLOSED
49406,OPEN
49408,CLOSED
49410,CLOSED
49415,CLOSED
49417,CLOSED
49420,CLOSED
49427,CLOSED
49429,CLOSED
49441,CLOSED
49640,CLOSED
49674,OPEN
49682,CLOSED
49694,CLOSED
49699,OPEN
49706,CLOSED
49708,CLOSED
49709,OPEN
49715,OPEN
49718,OPEN
49719,CLOSED
49722,OPEN
49724,OPEN
49726,CLOSED
49734,CLOSED
49736,OPEN
49751,CLOSED
49755,OPEN
49756,CLOSED
49760,OPEN
49762,CLOSED
49764,OPEN
49775,OPEN
49783,CLOSED
49784,OPEN
49786,OPEN
49792,CLOSED
49797,OPEN
49808,OPEN
49809,OPEN
49814,CLOSED
49820,CLOSED
49833,OPEN
49835,OPEN
49836,CLOSED
50028,OPEN
50039,CLOSED
50046,CLOSED
50048,OPEN
50054,CLOSED
50058,OPEN
50065,OPEN
50070,OPEN
50073,OPEN
50074,CLOSED
50078,OPEN
50081,CLOSED
50083,OPEN
50102,OPEN
50104,OPEN
50109,CLOSED
50136,CLOSED
50142,CLOSED
50143,CLOSED
50146,OPEN
50149,OPEN
50150,OPEN
50159,OPEN
50160,CLOSED
50161,CLOSED
50165,OPEN
50174,OPEN
50181,OPEN
50183,OPEN
50190,CLOSED
50203,OPEN
50206,CLOSED
50215,CLOSED
50218,CLOSED
50225,OPEN
52061,CLOSED
52081,CLOSED
52082,CLOSED
52098,CLOSED
52100,CLOSED
52103,CLOSED
52112,CLOSED
52117,CLOSED
52144,CLOSED
52170,CLOSED
52486,CLOSED
53051,OPEN
53068,OPEN
53093,OPEN
53114,OPEN
53133,OPEN
53146,OPEN
53153,OPEN
53179,OPEN
53210,OPEN
53285,OPEN
53417,CLOSED
54518,CLOSED
54520,CLOSED
54524,CLOSED
54531,OPEN
54554,CLOSED
54570,CLOSED
54572,CLOSED
54574,OPEN
54585,CLOSED
54597,CLOSED
54604,OPEN
54610,CLOSED
54613,CLOSED
54615,OPEN
54626,OPEN
54632,CLOSED
54641,CLOSED
54644,CLOSED
54651,CLOSED
54654,CLOSED
54663,CLOSED
54664,CLOSED
54668,CLOSED
54671,CLOSED
54675,CLOSED
54677,CLOSED
54680,CLOSED
54684,CLOSED
54685,OPEN
54688,CLOSED
54695,OPEN
54713,CLOSED
54714,CLOSED
54747,OPEN
54752,OPEN
54755,OPEN
54760,OPEN
54762,OPEN
54763,OPEN
54764,OPEN
54767,OPEN
54770,OPEN
54775,OPEN
54777,OPEN
54781,CLOSED
54782,OPEN
54783,OPEN
54802,OPEN
54805,OPEN
54807,CLOSED
54811,OPEN
54825,OPEN
54837,OPEN
54850,OPEN
54853,CLOSED
54858,OPEN
54867,OPEN
54878,OPEN
54894,OPEN
54900,OPEN
54901,OPEN
54908,OPEN
54910,OPEN
55391,OPEN
55394,CLOSED
55398,CLOSED
55403,CLOSED
55406,CLOSED
55419,CLOSED
55428,CLOSED
55429,CLOSED
55438,CLOSED
55442,OPEN
55465,CLOSED
55480,OPEN
55482,CLOSED
55494,CLOSED
55508,CLOSED
55519,CLOSED
55520,CLOSED
55526,CLOSED
55528,OPEN
55532,OPEN
55536,CLOSED
55541,CLOSED
55542,CLOSED
55549,CLOSED
55551,OPEN
55571,CLOSED
55572,OPEN
55573,CLOSED
55574,CLOSED
55575,CLOSED
55581,CLOSED
55584,CLOSED
55595,OPEN
55600,OPEN
55607,OPEN
55623,OPEN
55626,OPEN
55631,OPEN
55653,OPEN
55656,OPEN
55657,OPEN
55660,OPEN
55669,OPEN
55676,OPEN
55678,OPEN
55690,OPEN
55694,OPEN
55701,OPEN
55704,OPEN
55710,OPEN
55718,OPEN
55724,OPEN
55740,OPEN
55754,OPEN
55777,OPEN
55778,OPEN
55779,CLOSED
55780,CLOSED
55783,CLOSED
55785,OPEN
55786,OPEN
55789,OPEN
57173,CLOSED
57174,CLOSED
57190,CLOSED
57212,CLOSED
57229,OPEN
57250,CLOSED
57251,CLOSED
57252,CLOSED
57260,CLOSED
57262,OPEN
57284,OPEN
57292,CLOSED
57294,OPEN
57296,CLOSED
57299,CLOSED
57303,CLOSED
57304,CLOSED
57307,CLOSED
57321,CLOSED
57326,CLOSED
57332,CLOSED
57343,OPEN
57348,OPEN
57357,CLOSED
57358,CLOSED
57359,CLOSED
57361,CLOSED
57369,CLOSED
57372,CLOSED
57378,CLOSED
57380,CLOSED
57386,CLOSED
57387,CLOSED
57388,OPEN
57390,OPEN
57396,CLOSED
57411,CLOSED
57415,CLOSED
57416,OPEN
57421,OPEN
57428,OPEN
57435,CLOSED
57439,OPEN
57441,CLOSED
57444,CLOSED
57493,CLOSED
57498,CLOSED
57506,OPEN
57514,CLOSED
57533,CLOSED
57536,OPEN
57553,CLOSED
57565,CLOSED
57566,OPEN
57567,CLOSED
57584,CLOSED
57587,CLOSED
57602,CLOSED
57618,CLOSED
57622,CLOSED
57627,CLOSED
57643,CLOSED
57645,OPEN
57648,CLOSED
57655,CLOSED
57658,CLOSED
57660,CLOSED
57667,CLOSED
57673,CLOSED
57680,CLOSED
57694,OPEN
57697,CLOSED
57702,CLOSED
57718,CLOSED
57719,CLOSED
57724,CLOSED
57733,OPEN
57735,OPEN
57739,CLOSED
57767,OPEN
57768,OPEN
57776,OPEN
57798,CLOSED
57802,OPEN
57806,OPEN
57811,OPEN
57812,OPEN
57817,OPEN
57827,OPEN
57837,OPEN
57863,OPEN
57864,OPEN
57865,OPEN
57873,OPEN
57874,OPEN
57883,OPEN
57886,OPEN
57894,OPEN
57897,OPEN
57901,OPEN
57904,OPEN
57911,OPEN
57913,OPEN
57916,OPEN
57925,OPEN
57944,OPEN
57986,OPEN
57993,OPEN
58000,CLOSED
58006,OPEN
58009,OPEN
58021,OPEN
58024,OPEN
58026,OPEN
58035,OPEN
58039,OPEN
58059,OPEN
58062,OPEN
58073,OPEN
58077,OPEN
58079,CLOSED
58082,OPEN
58086,OPEN
58101,OPEN
58112,OPEN
58116,CLOSED
58129,OPEN
58135,OPEN
58136,OPEN
58138,OPEN
58175,CLOSED
58178,OPEN
58179,OPEN
58180,CLOSED
58192,CLOSED
58201,OPEN
58209,OPEN
58222,OPEN
58228,OPEN
58235,OPEN
58236,OPEN
58240,OPEN
58249,OPEN
58256,OPEN
58265,OPEN
58266,OPEN
58274,OPEN
58281,OPEN
58282,OPEN
58283,CLOSED
58294,OPEN
58300,OPEN
58309,OPEN
58334,OPEN
58343,OPEN
58551,OPEN
58553,OPEN
58554,CLOSED
58556,OPEN
58560,OPEN
58567,OPEN
58571,OPEN
58573,CLOSED
58574,OPEN
58578,OPEN
58592,CLOSED
58595,CLOSED
58596,OPEN
58627,CLOSED
58636,OPEN
58647,CLOSED
58657,CLOSED
58658,CLOSED
58669,OPEN
58692,CLOSED
58698,OPEN
58704,CLOSED
58713,OPEN
58715,OPEN
58721,OPEN
58726,OPEN
58728,CLOSED
58729,OPEN
58730,OPEN
58732,CLOSED
58733,OPEN
58735,CLOSED
58739,CLOSED
58740,CLOSED
58744,OPEN
59136,OPEN
59139,OPEN
59143,OPEN
59145,OPEN
59157,CLOSED
59162,CLOSED
59167,CLOSED
59168,OPEN
59178,OPEN
59179,CLOSED
59193,OPEN
59195,CLOSED
59209,OPEN
59212,CLOSED
59221,OPEN
59267,OPEN
59290,CLOSED
59334,OPEN
59338,OPEN
59347,CLOSED
59348,CLOSED
59360,OPEN
59367,OPEN
59383,CLOSED
59384,CLOSED
59387,CLOSED
59405,CLOSED
59407,CLOSED
59415,CLOSED
59441,OPEN
59445,CLOSED
59459,OPEN
59466,CLOSED
59480,CLOSED
59489,OPEN
59496,CLOSED
59722,CLOSED
59733,OPEN
59734,CLOSED
59735,CLOSED
59748,CLOSED
59754,CLOSED
59755,OPEN
59771,CLOSED
59775,CLOSED
59776,CLOSED
59781,CLOSED
59784,OPEN
59794,OPEN
59800,CLOSED
59814,CLOSED
59815,CLOSED
59829,CLOSED
59836,CLOSED
59846,CLOSED
59851,CLOSED
59854,OPEN
59862,CLOSED
59863,CLOSED
59864,CLOSED
59867,CLOSED
59871,CLOSED
59872,CLOSED
59874,OPEN
59875,CLOSED
59876,CLOSED
59895,OPEN
59905,CLOSED
59911,OPEN
59914,OPEN
59915,CLOSED
60111,CLOSED
60117,CLOSED
60142,CLOSED
60146,CLOSED
60153,OPEN
60160,OPEN
60163,CLOSED
60171,OPEN
60175,OPEN
60179,OPEN
60189,CLOSED
60193,OPEN
60194,OPEN
60197,CLOSED
60198,OPEN
60202,OPEN
60204,OPEN
60206,OPEN
60207,CLOSED
60216,OPEN
60226,CLOSED
60227,CLOSED
60230,CLOSED
60231,OPEN
60232,CLOSED
60233,CLOSED
60235,CLOSED
60240,CLOSED
60257,OPEN
60258,OPEN
60261,CLOSED
60271,OPEN
60283,CLOSED
60291,OPEN
60296,OPEN
60300,CLOSED
60497,OPEN
60517,OPEN
60521,CLOSED
60528,OPEN
60533,CLOSED
60537,CLOSED
60542,CLOSED
60551,OPEN
60555,CLOSED
60562,OPEN
60567,OPEN
60572,OPEN
60576,OPEN
60583,CLOSED
60585,OPEN
60590,CLOSED
60591,OPEN
60597,CLOSED
60599,CLOSED
60605,CLOSED
60609,CLOSED
60611,OPEN
60623,OPEN
60624,CLOSED
60627,CLOSED
60632,CLOSED
60657,CLOSED
60658,OPEN
60659,OPEN
60660,CLOSED
60661,OPEN
60673,OPEN
60677,CLOSED
60678,OPEN
60681,CLOSED
60693,CLOSED
60886,OPEN
60887,CLOSED
60889,CLOSED
60896,OPEN
60899,CLOSED
60905,CLOSED
60906,OPEN
60911,OPEN
60912,CLOSED
60916,OPEN
60937,OPEN
60941,OPEN
60952,CLOSED
60958,OPEN
60970,OPEN
60981,OPEN
60985,CLOSED
60990,CLOSED
60998,CLOSED
60999,CLOSED
61001,CLOSED
61002,CLOSED
61006,OPEN
61011,CLOSED
61016,CLOSED
61023,CLOSED
61034,OPEN
61040,OPEN
61042,OPEN
61044,OPEN
61066,OPEN
61070,OPEN
61076,OPEN
61078,OPEN
61081,OPEN
61280,OPEN
61293,OPEN
61302,CLOSED
61303,CLOSED
61309,OPEN
61313,OPEN
61314,OPEN
61316,CLOSED
61318,CLOSED
61330,CLOSED
61334,OPEN
61337,CLOSED
61340,OPEN
61343,CLOSED
61344,OPEN
61352,CLOSED
61368,CLOSED
61382,OPEN
61390,CLOSED
61391,OPEN
61393,OPEN
61404,OPEN
61405,CLOSED
61407,CLOSED
61409,OPEN
61410,OPEN
61422,OPEN
61423,CLOSED
61426,OPEN
61427,CLOSED
61454,CLOSED
61457,CLOSED
61459,CLOSED
61463,CLOSED
61468,CLOSED
61470,OPEN
61665,OPEN
61672,OPEN
61673,OPEN
61678,OPEN
61686,CLOSED
61699,OPEN
61701,CLOSED
61702,CLOSED
61710,OPEN
61725,OPEN
61728,CLOSED
61730,OPEN
61740,OPEN
61742,OPEN
61752,OPEN
61753,CLOSED
61772,OPEN
61780,OPEN
61782,OPEN
61785,OPEN
61786,CLOSED
61787,OPEN
61796,OPEN
61799,CLOSED
61800,CLOSED
61806,OPEN
61810,CLOSED
61817,OPEN
61821,CLOSED
61830,OPEN
61832,CLOSED
61833,CLOSED
61839,OPEN
61845,CLOSED
61855,CLOSED
62052,CLOSED
62057,CLOSED
62086,OPEN
62092,OPEN
62095,OPEN
62100,OPEN
62116,OPEN
62124,CLOSED
62126,OPEN
62127,CLOSED
62128,OPEN
62131,OPEN
62134,OPEN
62140,CLOSED
62143,OPEN
62146,CLOSED
62163,OPEN
62164,OPEN
62166,OPEN
62175,OPEN
62180,CLOSED
62193,CLOSED
62200,CLOSED
62203,CLOSED
62205,OPEN
62214,CLOSED
62225,OPEN
62228,OPEN
62232,OPEN
62237,OPEN
62243,CLOSED
62245,CLOSED
62246,CLOSED
62247,CLOSED
62249,OPEN
64549,CLOSED
64550,CLOSED
64553,CLOSED
64559,CLOSED
64564,CLOSED
64567,CLOSED
64580,CLOSED
64587,CLOSED
64608,CLOSED
64614,CLOSED
64627,CLOSED
64630,CLOSED
64634,OPEN
64638,CLOSED
64644,CLOSED
64650,CLOSED
64673,CLOSED
64685,CLOSED
64749,CLOSED
64767,CLOSED
64807,CLOSED
64816,CLOSED
64820,OPEN
64824,CLOSED
64841,CLOSED
64842,CLOSED
64844,CLOSED
64846,CLOSED
64876,CLOSED
64941,CLOSED
64952,CLOSED
64978,CLOSED
64992,CLOSED
65003,CLOSED
65020,CLOSED
65024,CLOSED
65027,CLOSED
65032,CLOSED
65043,CLOSED
65048,CLOSED
65121,CLOSED
65134,CLOSED
65161,OPEN
65165,CLOSED
65166,CLOSED
65199,CLOSED
65227,CLOSED
65258,CLOSED
65264,CLOSED
65346,CLOSED
65383,CLOSED
65412,CLOSED
65425,CLOSED
65432,CLOSED
65550,CLOSED
65679,CLOSED
65700,CLOSED
65751,OPEN
65776,OPEN
65783,OPEN
65797,OPEN
65803,OPEN
65815,OPEN
65846,OPEN
65875,OPEN
65916,OPEN
65922,OPEN
65955,OPEN
65962,OPEN
65973,OPEN
65984,OPEN
66057,OPEN
66511,OPEN
66517,OPEN
66613,OPEN
66739,OPEN
66845,OPEN
67168,OPEN
67170,OPEN
67172,CLOSED
67176,OPEN
67179,CLOSED
67182,OPEN
67201,OPEN
67202,OPEN
67207,OPEN
67214,CLOSED
67222,OPEN
67228,CLOSED
67238,CLOSED
67245,OPEN
67249,OPEN
67251,CLOSED
67254,CLOSED
67267,CLOSED
67279,CLOSED
67281,OPEN
67282,CLOSED
67284,OPEN
67291,CLOSED
67293,OPEN
67301,CLOSED
67304,CLOSED
67306,CLOSED
67309,OPEN
67314,CLOSED
67315,OPEN
67325,CLOSED
67338,OPEN
67344,CLOSED
67348,CLOSED
67349,OPEN
67353,CLOSED
67550,CLOSED
67554,OPEN
67559,OPEN
67560,OPEN
67571,CLOSED
67577,OPEN
67580,CLOSED
67581,OPEN
67582,OPEN
67584,OPEN
67586,CLOSED
67587,CLOSED
67597,CLOSED
67598,OPEN
67632,OPEN
67646,OPEN
67661,OPEN
67663,CLOSED
67667,OPEN
67672,OPEN
67673,CLOSED
67674,OPEN
67677,CLOSED
67697,OPEN
67700,CLOSED
67705,CLOSED
67708,CLOSED
67714,OPEN
67725,CLOSED
67729,OPEN
67731,CLOSED
67736,OPEN
67740,CLOSED
67743,OPEN
67748,OPEN
67944,CLOSED
67945,OPEN
67953,OPEN
67965,OPEN
67973,OPEN
67986,CLOSED
67987,CLOSED
67992,OPEN
68003,OPEN
68006,OPEN
68008,CLOSED
68012,CLOSED
68017,OPEN
68024,OPEN
68031,OPEN
68032,CLOSED
68043,OPEN
68061,OPEN
68063,CLOSED
68067,CLOSED
68069,CLOSED
68072,OPEN
68077,OPEN
68078,CLOSED
68082,CLOSED
68089,OPEN
68093,CLOSED
68097,OPEN
68101,OPEN
68106,CLOSED
68109,OPEN
68110,CLOSED
68113,CLOSED
68122,OPEN
68132,OPEN
68332,CLOSED
68340,OPEN
68349,CLOSED
68350,OPEN
68351,OPEN
68352,CLOSED
68355,OPEN
68373,OPEN
68392,CLOSED
68396,OPEN
68399,OPEN
68400,OPEN
68404,CLOSED
68411,OPEN
68416,CLOSED
68419,OPEN
68431,OPEN
68441,CLOSED
68448,OPEN
68451,CLOSED
68453,OPEN
68459,CLOSED
68467,OPEN
68469,CLOSED
68477,OPEN
68483,CLOSED
68492,CLOSED
68493,OPEN
68495,OPEN
68496,OPEN
68503,CLOSED
68509,OPEN
68510,CLOSED
68513,OPEN
68524,CLOSED
68720,OPEN
68728,OPEN
68739,OPEN
68757,OPEN
68758,CLOSED
68760,OPEN
68774,OPEN
68776,CLOSED
68781,OPEN
68785,OPEN
68788,OPEN
68790,CLOSED
68794,CLOSED
68809,CLOSED
68810,OPEN
68811,CLOSED
68822,OPEN
68829,CLOSED
68842,CLOSED
68844,CLOSED
68846,CLOSED
68852,CLOSED
68857,CLOSED
68863,CLOSED
68864,OPEN
68865,OPEN
68868,OPEN
68878,CLOSED
68886,OPEN
68887,OPEN
68894,OPEN
68895,OPEN
68903,OPEN
68905,CLOSED
68912,OPEN
